Workbook
Name KatSemua: Pengaturan!$E$10:$E$21

Sheet Mulai di Sini
A1: PEMBUKUAN KAS UMKM - VERSI GRATIS
A2: UMKM Beres - bantu UMKM Indonesia tertib administrasi - v1.0
B4: File ini 100% gratis untuk Anda
C5: Silakan dipakai untuk usaha Anda dan dibagikan ke sesama pelaku UMKM (apa adanya, tanpa diubah).
C6: Isi: catatan kas masuk/keluar (100 transaksi) + saldo otomatis. Cocok untuk mulai tertib pembukuan hari ini.
B8: Cara pakai (2 langkah)
C9: 1. Isi sheet PENGATURAN: nama usaha & saldo awal kas
C10: 2. Catat transaksi di sheet KAS HARIAN - isi hanya sel biru, saldo menghitung sendiri
B12: Butuh yang lebih lengkap?
C13: PAKET LENGKAP UMKM BERES (Rp39.000): kapasitas 500 transaksi + rekap bulanan otomatis + grafik +
C14: dashboard + INVOICE & KWITANSI siap cetak + SURAT PENAWARAN 2 bahasa (ID/EN) + STOK + PIUTANG.
C15: Juga tersedia BUNDLE PRO (Rp99.000) dengan dokumen ekspor (Proforma/Commercial Invoice, Packing List).
C17: Coba juga FAKTURKU - buat invoice & kwitansi online gratis: cari 'Fakturku UMKM Beres' di Google.
C18: Info & pemesanan: lihat halaman tempat Anda mengunduh file ini.

Sheet Pengaturan
A1: PENGATURAN
A2: Isi sekali di awal
B4: Profil Usaha
B5: Nama Usaha | C5: Usaha Saya
B6: Saldo Awal Kas (Rp) | C6: 0
B8: Kategori (boleh diubah)
B9: Kategori MASUK | C9: Kategori KELUAR
B10: Penjualan | C10: Pembelian Bahan/Stok | E10: =IF($B10="","",$B10)
B11: Pembayaran Piutang | C11: Operasional | E11: =IF($B11="","",$B11)
B12: Tambahan Modal | C12: Gaji/Upah | E12: =IF($B12="","",$B12)
B13: Pendapatan Lain | C13: Sewa Tempat | E13: =IF($B13="","",$B13)
C14: Listrik/Air/Internet | E14: =IF($C10="","",$C10)
C15: Transportasi | E15: =IF($C11="","",$C11)
C16: Pemasaran | E16: =IF($C12="","",$C12)
C17: Pengeluaran Lain | E17: =IF($C13="","",$C13)
E18: =IF($C14="","",$C14)
E19: =IF($C15="","",$C15)
E20: =IF($C16="","",$C16)
E21: =IF($C17="","",$C17)

Sheet Kas Harian
A1: KAS HARIAN
A2: Catat setiap uang masuk & keluar - saldo terhitung otomatis
B4: Saldo Awal | C4: =Pengaturan!$C$6 | E4: Total Masuk | F4: =SUM($E$8:$E$107)
B5: Total Keluar | C5: =SUM($F$8:$F$107) | E5: SALDO SAAT INI | F5: =$C$4+$F$4-$C$5
A6: Isi hanya sel biru. Versi gratis: 100 baris. Paket Lengkap (Rp39rb): 500 baris + rekap bulanan + grafik + invoice + stok + piutang.
A7: No | B7: Tanggal | C7: Kategori | D7: Keterangan | E7: Masuk (Rp) | F7: Keluar (Rp) | G7: Saldo (Rp)
A8: =IF($B8="","",ROW()-7) | G8: =IF($B8="","",Pengaturan!$C$6+SUM($E$8:$E8)-SUM($F$8:$F8))
A9: =IF($B9="","",ROW()-7) | G9: =IF($B9="","",Pengaturan!$C$6+SUM($E$8:$E9)-SUM($F$8:$F9))
A10: =IF($B10="","",ROW()-7) | G10: =IF($B10="","",Pengaturan!$C$6+SUM($E$8:$E10)-SUM($F$8:$F10))
A11: =IF($B11="","",ROW()-7) | G11: =IF($B11="","",Pengaturan!$C$6+SUM($E$8:$E11)-SUM($F$8:$F11))
A12: =IF($B12="","",ROW()-7) | G12: =IF($B12="","",Pengaturan!$C$6+SUM($E$8:$E12)-SUM($F$8:$F12))
A13: =IF($B13="","",ROW()-7) | G13: =IF($B13="","",Pengaturan!$C$6+SUM($E$8:$E13)-SUM($F$8:$F13))
A14: =IF($B14="","",ROW()-7) | G14: =IF($B14="","",Pengaturan!$C$6+SUM($E$8:$E14)-SUM($F$8:$F14))
A15: =IF($B15="","",ROW()-7) | G15: =IF($B15="","",Pengaturan!$C$6+SUM($E$8:$E15)-SUM($F$8:$F15))
A16: =IF($B16="","",ROW()-7) | G16: =IF($B16="","",Pengaturan!$C$6+SUM($E$8:$E16)-SUM($F$8:$F16))
A17: =IF($B17="","",ROW()-7) | G17: =IF($B17="","",Pengaturan!$C$6+SUM($E$8:$E17)-SUM($F$8:$F17))
A18: =IF($B18="","",ROW()-7) | G18: =IF($B18="","",Pengaturan!$C$6+SUM($E$8:$E18)-SUM($F$8:$F18))
A19: =IF($B19="","",ROW()-7) | G19: =IF($B19="","",Pengaturan!$C$6+SUM($E$8:$E19)-SUM($F$8:$F19))
... A107: =IF($B107="","",ROW()-7) | G107: =IF($B107="","",Pengaturan!$C$6+SUM($E$8:$E107)-SUM($F$8:$F107))
